"0","financial_by_subzone <- st_intersection(mpsz3414_2,financial3414_cleaned) %>%"
"0","  group_by(subzone) %>%"
"0","  summarise(Financials=n())"
"2","attribute variables are assumed to be spatially constant throughout all geometries"
"0","summary(financial_by_subzone)"
"1",""
"1","                   subzone   "
"1","   Financials    "
"1","          geometry  "
"1","
"
"1"," ADMIRALTY             :  1  "
"1"," Min.   :  1.00  "
"1"," MULTIPOINT   :223  "
"1","
"
"1"," ALEXANDRA HILL        :  1  "
"1"," 1st Qu.:  3.25  "
"1"," POINT        : 27  "
"1","
"
"1"," ALJUNIED              :  1  "
"1"," Median :  8.00  "
"1"," epsg:3414    :  0  "
"1","
"
"1"," ANAK BUKIT            :  1  "
"1"," Mean   : 13.17  "
"1"," +proj=tmer...:  0  "
"1","
"
"1"," ANCHORVALE            :  1  "
"1"," 3rd Qu.: 16.00  "
"1","                    "
"1","
"
"1"," ANG MO KIO TOWN CENTRE:  1  "
"1"," Max.   :132.00  "
"1","                    "
"1","
"
"1"," (Other)               :244  "
"1","                 "
"1","                    "
"1","
"
